;t100;indep;t900;a201
0;2021-01;0;104158.512;Convenience
1;2021-01;0;1467.882;Federwild
2;2021-01;0;1584898.635;Fisch
3;2021-01;0;913104.717;Fleisch
4;2021-01;0;4347.4;Früchte
5;2021-01;0;898799.697;Geflügel
6;2021-01;0;12694.7;Gemüse
7;2021-01;0;82725.701;Haarwild
8;2021-01;0;1677.55;Kolonialwaren
9;2021-01;0;3499.75;Konserven divers
10;2021-01;0;562900.181;Krusten/Sch-Weichtie
11;2021-01;0;26470.755;Milchprodukte
12;2021-01;0;47;Non Food
13;2021-01;0;518.2;Nordsee
14;2021-01;0;2582.6;Oel/Essig/Senf
15;2021-01;0;6082.913;Pasteten/Terrinen
16;2021-01;0;41521.3;Pilze
17;2021-01;0;742.4;Post/cargo
18;2021-01;0;28385.58;Teigw./Spätzli/Gnoc.
19;2021-01;1;229897.361;Convenience
20;2021-01;1;1862.415;Federwild
21;2021-01;1;2120082.847;Fisch
22;2021-01;1;1050056.955;Fleisch
23;2021-01;1;6159.8;Früchte
24;2021-01;1;1032601.093;Geflügel
25;2021-01;1;14565.8;Gemüse
26;2021-01;1;89596.448;Haarwild
27;2021-01;1;3679.6;Kolonialwaren
28;2021-01;1;3400.1;Konserven divers
29;2021-01;1;640019.864;Krusten/Sch-Weichtie
30;2021-01;1;30975.819;Milchprodukte
31;2021-01;1;63;Non Food
32;2021-01;1;21378.589;Nordsee
33;2021-01;1;4992.2;Oel/Essig/Senf
34;2021-01;1;9992.347;Pasteten/Terrinen
35;2021-01;1;35617.01;Pilze
36;2021-01;1;234.4;Post/cargo
37;2021-01;1;38934.12;Teigw./Spätzli/Gnoc.
38;2021-02;0;91291.302;Convenience
39;2021-02;0;2885.59;Federwild
40;2021-02;0;1672904.696;Fisch
41;2021-02;0;910849.226;Fleisch
42;2021-02;0;5831.5;Früchte
43;2021-02;0;806759.344;Geflügel
44;2021-02;0;9375.811;Gemüse
45;2021-02;0;110077.186;Haarwild
46;2021-02;0;2407.25;Kolonialwaren
47;2021-02;0;2455.5;Konserven divers
48;2021-02;0;634616.681;Krusten/Sch-Weichtie
49;2021-02;0;32555.316;Milchprodukte
50;2021-02;0;123.1;Non Food
51;2021-02;0;1712.6;Nordsee
52;2021-02;0;3794.85;Oel/Essig/Senf
53;2021-02;0;8427.622;Pasteten/Terrinen
54;2021-02;0;52164.78;Pilze
55;2021-02;0;606.6;Post/cargo
56;2021-02;0;27766.58;Teigw./Spätzli/Gnoc.
57;2021-02;1;0;Bofrost
58;2021-02;1;169222.68;Convenience
59;2021-02;1;975.032;Federwild
60;2021-02;1;1897833.653;Fisch
61;2021-02;1;950619.25;Fleisch
62;2021-02;1;6300.6;Früchte
63;2021-02;1;851728.277;Geflügel
64;2021-02;1;20573.5;Gemüse
65;2021-02;1;90.342;Gesperrte Artikel
66;2021-02;1;62354.098;Haarwild
67;2021-02;1;4502.1;Kolonialwaren
68;2021-02;1;2893.3;Konserven divers
69;2021-02;1;663567.698;Krusten/Sch-Weichtie
70;2021-02;1;38686.621;Milchprodukte
71;2021-02;1;22.5;Non Food
72;2021-02;1;13139.801;Nordsee
73;2021-02;1;5779.55;Oel/Essig/Senf
74;2021-02;1;14648.091;Pasteten/Terrinen
75;2021-02;1;43613.21;Pilze
76;2021-02;1;141.6;Post/cargo
77;2021-02;1;36961.5;Teigw./Spätzli/Gnoc.
78;2021-03;0;106026.523;Convenience
79;2021-03;0;1185.249;Federwild
80;2021-03;0;1814430.272;Fisch
81;2021-03;0;958719.342;Fleisch
82;2021-03;0;8016.9;Früchte
83;2021-03;0;922332.976;Geflügel
84;2021-03;0;14574.85;Gemüse
85;2021-03;0;59070.639;Haarwild
86;2021-03;0;2380.05;Kolonialwaren
87;2021-03;0;2926.7;Konserven divers
88;2021-03;0;633497.796;Krusten/Sch-Weichtie
89;2021-03;0;30770.504;Milchprodukte
90;2021-03;0;1561.2;Non Food
91;2021-03;0;801.328;Nordsee
92;2021-03;0;3550.1;Oel/Essig/Senf
93;2021-03;0;5776.92;Pasteten/Terrinen
94;2021-03;0;49905.076;Pilze
95;2021-03;0;648.15;Post/cargo
96;2021-03;0;0;Sponsoring
97;2021-03;0;27120.23;Teigw./Spätzli/Gnoc.
98;2021-03;1;64852;Bofrost
99;2021-03;1;226967.999;Convenience
100;2021-03;1;1305.061;Federwild
101;2021-03;1;2241188.432;Fisch
102;2021-03;1;951424.974;Fleisch
103;2021-03;1;7144.9;Früchte
104;2021-03;1;963078.519;Geflügel
105;2021-03;1;18511;Gemüse
106;2021-03;1;55710.743;Haarwild
107;2021-03;1;3385.8;Kolonialwaren
108;2021-03;1;2606.2;Konserven divers
109;2021-03;1;666641.678;Krusten/Sch-Weichtie
110;2021-03;1;39124.198;Milchprodukte
111;2021-03;1;1044;Non Food
112;2021-03;1;26878.781;Nordsee
113;2021-03;1;4920.4;Oel/Essig/Senf
114;2021-03;1;11718.307;Pasteten/Terrinen
115;2021-03;1;33203.19;Pilze
116;2021-03;1;166.8;Post/cargo
117;2021-03;1;40829.24;Teigw./Spätzli/Gnoc.
118;2021-04;0;129245.978;Convenience
119;2021-04;0;2324.186;Federwild
120;2021-04;0;1908818.487;Fisch
121;2021-04;0;1024111.241;Fleisch
122;2021-04;0;20387.1;Früchte
123;2021-04;0;950932.631;Geflügel
124;2021-04;0;14263.85;Gemüse
125;2021-04;0;0;Gesperrte Artikel
126;2021-04;0;78816.284;Haarwild
127;2021-04;0;2405.7;Kolonialwaren
128;2021-04;0;3499.85;Konserven divers
129;2021-04;0;687598.643;Krusten/Sch-Weichtie
130;2021-04;0;38057.617;Milchprodukte
131;2021-04;0;1415.2;Non Food
132;2021-04;0;80.7;Nordsee
133;2021-04;0;4478.8;Oel/Essig/Senf
134;2021-04;0;4375.534;Pasteten/Terrinen
135;2021-04;0;49820.86;Pilze
136;2021-04;0;864;Post/cargo
137;2021-04;0;0;Sponsoring
138;2021-04;0;38617.11;Teigw./Spätzli/Gnoc.
139;2021-04;1;15228.6;Bofrost
140;2021-04;1;213199.725;Convenience
141;2021-04;1;940.646;Federwild
142;2021-04;1;2222761.614;Fisch
143;2021-04;1;850493.977;Fleisch
144;2021-04;1;6372.2;Früchte
145;2021-04;1;1004518.602;Geflügel
146;2021-04;1;18887.35;Gemüse
147;2021-04;1;56336.858;Haarwild
148;2021-04;1;4758.85;Kolonialwaren
149;2021-04;1;3256.9;Konserven divers
150;2021-04;1;738178.257;Krusten/Sch-Weichtie
151;2021-04;1;45118.607;Milchprodukte
152;2021-04;1;560;Non Food
153;2021-04;1;18455.861;Nordsee
154;2021-04;1;5478.475;Oel/Essig/Senf
155;2021-04;1;8387.48;Pasteten/Terrinen
156;2021-04;1;36211.32;Pilze
157;2021-04;1;63.6;Post/cargo
158;2021-04;1;54084.07;Teigw./Spätzli/Gnoc.
159;2021-05;0;127006.824;Convenience
160;2021-05;0;3593.582;Federwild
161;2021-05;0;1962393.514;Fisch
162;2021-05;0;1152540.471;Fleisch
163;2021-05;0;5471.2;Früchte
164;2021-05;0;897426.676;Geflügel
165;2021-05;0;16282.1;Gemüse
166;2021-05;0;0;Gesperrte Artikel
167;2021-05;0;81875.552;Haarwild
168;2021-05;0;2340.85;Kolonialwaren
169;2021-05;0;3141.15;Konserven divers
170;2021-05;0;764811.734;Krusten/Sch-Weichtie
171;2021-05;0;43909.56;Milchprodukte
172;2021-05;0;320.1;Non Food
173;2021-05;0;26.9;Nordsee
174;2021-05;0;4323.9;Oel/Essig/Senf
175;2021-05;0;5170.055;Pasteten/Terrinen
176;2021-05;0;48671.02;Pilze
177;2021-05;0;882;Post/cargo
178;2021-05;0;34647.95;Teigw./Spätzli/Gnoc.
179;2021-05;1;32216;Bofrost
180;2021-05;1;204767.001;Convenience
181;2021-05;1;1723.207;Federwild
182;2021-05;1;2198613.22;Fisch
183;2021-05;1;905944.171;Fleisch
184;2021-05;1;6328;Früchte
185;2021-05;1;1012127.762;Geflügel
186;2021-05;1;22448.4;Gemüse
187;2021-05;1;0;Gesperrte Artikel
188;2021-05;1;60787.156;Haarwild
189;2021-05;1;4606.45;Kolonialwaren
190;2021-05;1;4045.4;Konserven divers
191;2021-05;1;755931.875;Krusten/Sch-Weichtie
192;2021-05;1;48220.805;Milchprodukte
193;2021-05;1;82;Non Food
194;2021-05;1;24891.751;Nordsee
195;2021-05;1;5864.1;Oel/Essig/Senf
196;2021-05;1;9293.646;Pasteten/Terrinen
197;2021-05;1;31770.27;Pilze
198;2021-05;1;52.4;Post/cargo
199;2021-05;1;39102.26;Teigw./Spätzli/Gnoc.
200;2021-06;0;174247.584;Convenience
201;2021-06;0;3498.353;Federwild
202;2021-06;0;3010897.916;Fisch
203;2021-06;0;1592201.105;Fleisch
204;2021-06;0;9871.3;Früchte
205;2021-06;0;1174740.54;Geflügel
206;2021-06;0;17658.9;Gemüse
207;2021-06;0;89540.2;Haarwild
208;2021-06;0;3599.4;Kolonialwaren
209;2021-06;0;4766.9;Konserven divers
210;2021-06;0;1199727.465;Krusten/Sch-Weichtie
211;2021-06;0;73245.094;Milchprodukte
212;2021-06;0;469.8;Non Food
213;2021-06;0;396.645;Nordsee
214;2021-06;0;9158.75;Oel/Essig/Senf
215;2021-06;0;6644.061;Pasteten/Terrinen
216;2021-06;0;59052.974;Pilze
217;2021-06;0;2153.6;Post/cargo
218;2021-06;0;46169.05;Teigw./Spätzli/Gnoc.
219;2021-06;1;19821;Bofrost
220;2021-06;1;301088.284;Convenience
221;2021-06;1;1083.566;Federwild
222;2021-06;1;2891926.668;Fisch
223;2021-06;1;1233393.783;Fleisch
224;2021-06;1;9590.35;Früchte
225;2021-06;1;1227960.765;Geflügel
226;2021-06;1;24778.7;Gemüse
227;2021-06;1;51408.432;Haarwild
228;2021-06;1;6313.05;Kolonialwaren
229;2021-06;1;5876.815;Konserven divers
230;2021-06;1;1024788.032;Krusten/Sch-Weichtie
231;2021-06;1;74283.736;Milchprodukte
232;2021-06;1;2267.5;Non Food
233;2021-06;1;25242.089;Nordsee
234;2021-06;1;9279.8;Oel/Essig/Senf
235;2021-06;1;10915.422;Pasteten/Terrinen
236;2021-06;1;45641.9;Pilze
237;2021-06;1;332.4;Post/cargo
238;2021-06;1;0;Sponsoring
239;2021-06;1;47071.57;Teigw./Spätzli/Gnoc.
240;2021-07;0;171410.689;Convenience
241;2021-07;0;6915.545;Federwild
242;2021-07;0;3280261.605;Fisch
243;2021-07;0;1807187.222;Fleisch
244;2021-07;0;8914.5;Früchte
245;2021-07;0;1214044.216;Geflügel
246;2021-07;0;22605.75;Gemüse
247;2021-07;0;97198.366;Haarwild
248;2021-07;0;4139.4;Kolonialwaren
249;2021-07;0;5454.65;Konserven divers
250;2021-07;0;1374524.796;Krusten/Sch-Weichtie
251;2021-07;0;75522.806;Milchprodukte
252;2021-07;0;726;Non Food
253;2021-07;0;2011.514;Nordsee
254;2021-07;0;7280.85;Oel/Essig/Senf
255;2021-07;0;8429.12;Pasteten/Terrinen
256;2021-07;0;62316.51;Pilze
257;2021-07;0;682.4;Post/cargo
258;2021-07;0;45631.01;Teigw./Spätzli/Gnoc.
259;2021-07;1;48536;Bofrost
260;2021-07;1;258239.033;Convenience
261;2021-07;1;1047.257;Federwild
262;2021-07;1;3101858.335;Fisch
263;2021-07;1;1368463.794;Fleisch
264;2021-07;1;7462.1;Früchte
265;2021-07;1;1282186.852;Geflügel
266;2021-07;1;27875.85;Gemüse
267;2021-07;1;51084.269;Haarwild
268;2021-07;1;6233.15;Kolonialwaren
269;2021-07;1;5634.3;Konserven divers
270;2021-07;1;1172259.336;Krusten/Sch-Weichtie
271;2021-07;1;84265.078;Milchprodukte
272;2021-07;1;1195;Non Food
273;2021-07;1;27132.047;Nordsee
274;2021-07;1;10620.7;Oel/Essig/Senf
275;2021-07;1;15184.323;Pasteten/Terrinen
276;2021-07;1;52066.99;Pilze
277;2021-07;1;249;Post/cargo
278;2021-07;1;45940.61;Teigw./Spätzli/Gnoc.
279;2021-08;0;205561.777;Convenience
280;2021-08;0;2870.005;Federwild
281;2021-08;0;3338821.538;Fisch
282;2021-08;0;1811425.943;Fleisch
283;2021-08;0;11967.2;Früchte
284;2021-08;0;1353138.949;Geflügel
285;2021-08;0;24891.9;Gemüse
286;2021-08;0;191939.91;Haarwild
287;2021-08;0;5533.25;Kolonialwaren
288;2021-08;0;4974.3;Konserven divers
289;2021-08;0;1370705.127;Krusten/Sch-Weichtie
290;2021-08;0;77047.62;Milchprodukte
291;2021-08;0;1215.2;Non Food
292;2021-08;0;590;Nordsee
293;2021-08;0;8599.3;Oel/Essig/Senf
294;2021-08;0;10340.227;Pasteten/Terrinen
295;2021-08;0;90135.63;Pilze
296;2021-08;0;850;Post/cargo
297;2021-08;0;56829.55;Teigw./Spätzli/Gnoc.
298;2021-08;1;13020;Bofrost
299;2021-08;1;352829.596;Convenience
300;2021-08;1;3673.361;Federwild
301;2021-08;1;3276083.415;Fisch
302;2021-08;1;1467973.721;Fleisch
303;2021-08;1;16348.1;Früchte
304;2021-08;1;1533868.392;Geflügel
305;2021-08;1;35699.35;Gemüse
306;2021-08;1;141073.753;Haarwild
307;2021-08;1;6462.4;Kolonialwaren
308;2021-08;1;6497.1;Konserven divers
309;2021-08;1;1249523.33;Krusten/Sch-Weichtie
310;2021-08;1;84986.303;Milchprodukte
311;2021-08;1;360.3;Non Food
312;2021-08;1;25834.732;Nordsee
313;2021-08;1;12663.45;Oel/Essig/Senf
314;2021-08;1;12829.71;Pasteten/Terrinen
315;2021-08;1;67514.71;Pilze
316;2021-08;1;302.4;Post/cargo
317;2021-08;1;60680.084;Teigw./Spätzli/Gnoc.
318;2021-09;0;178970;Convenience
319;2021-09;0;10834.179;Federwild
320;2021-09;0;2785742.097;Fisch
321;2021-09;0;1630322.903;Fleisch
322;2021-09;0;12748.3;Früchte
323;2021-09;0;1325486.212;Geflügel
324;2021-09;0;24872.2;Gemüse
325;2021-09;0;503714.59;Haarwild
326;2021-09;0;4016.25;Kolonialwaren
327;2021-09;0;5078.578;Konserven divers
328;2021-09;0;1155733.125;Krusten/Sch-Weichtie
329;2021-09;0;62265.538;Milchprodukte
330;2021-09;0;412.2;Non Food
331;2021-09;0;198.3;Nordsee
332;2021-09;0;7458.35;Oel/Essig/Senf
333;2021-09;0;11039.503;Pasteten/Terrinen
334;2021-09;0;99537.3;Pilze
335;2021-09;0;633.8;Post/cargo
336;2021-09;0;56479.35;Teigw./Spätzli/Gnoc.
337;2021-09;1;37948.8;Bofrost
338;2021-09;1;332889.648;Convenience
339;2021-09;1;4340.418;Federwild
340;2021-09;1;3159283.091;Fisch
341;2021-09;1;1411852.573;Fleisch
342;2021-09;1;9326.5;Früchte
343;2021-09;1;1537030.859;Geflügel
344;2021-09;1;33057.8;Gemüse
345;2021-09;1;306339.893;Haarwild
346;2021-09;1;7487.2;Kolonialwaren
347;2021-09;1;7707.815;Konserven divers
348;2021-09;1;1089781.259;Krusten/Sch-Weichtie
349;2021-09;1;74775.465;Milchprodukte
350;2021-09;1;167.1;Non Food
351;2021-09;1;26366.815;Nordsee
352;2021-09;1;13169.55;Oel/Essig/Senf
353;2021-09;1;15022.215;Pasteten/Terrinen
354;2021-09;1;86744.216;Pilze
355;2021-09;1;357;Post/cargo
356;2021-09;1;78693.224;Teigw./Spätzli/Gnoc.
357;2021-10;0;161812.33;Convenience
358;2021-10;0;17400.359;Federwild
359;2021-10;0;2463666.151;Fisch
360;2021-10;0;1433941.039;Fleisch
361;2021-10;0;10185.55;Früchte
362;2021-10;0;1236765.7;Geflügel
363;2021-10;0;19391.5;Gemüse
364;2021-10;0;199.742;Gesperrte Artikel
365;2021-10;0;587311.886;Haarwild
366;2021-10;0;3601.05;Kolonialwaren
367;2021-10;0;5161.05;Konserven divers
368;2021-10;0;1060387.087;Krusten/Sch-Weichtie
369;2021-10;0;46706.308;Milchprodukte
370;2021-10;0;1227.2;Non Food
371;2021-10;0;857.778;Nordsee
372;2021-10;0;5878.875;Oel/Essig/Senf
373;2021-10;0;9038.866;Pasteten/Terrinen
374;2021-10;0;110501.52;Pilze
375;2021-10;0;454.8;Post/cargo
376;2021-10;0;48192.42;Teigw./Spätzli/Gnoc.
377;2021-10;1;8600;Bofrost
378;2021-10;1;338723.673;Convenience
379;2021-10;1;4223.486;Federwild
380;2021-10;1;2691350.288;Fisch
381;2021-10;1;1181016.136;Fleisch
382;2021-10;1;9853.65;Früchte
383;2021-10;1;1423105.725;Geflügel
384;2021-10;1;27357.15;Gemüse
385;2021-10;1;362563.23;Haarwild
386;2021-10;1;5471.85;Kolonialwaren
387;2021-10;1;5971.51;Konserven divers
388;2021-10;1;1040359.179;Krusten/Sch-Weichtie
389;2021-10;1;56678.96;Milchprodukte
390;2021-10;1;2331;Non Food
391;2021-10;1;31571.958;Nordsee
392;2021-10;1;8220.55;Oel/Essig/Senf
393;2021-10;1;16053.917;Pasteten/Terrinen
394;2021-10;1;94362.94;Pilze
395;2021-10;1;64.6;Post/cargo
396;2021-10;1;78125.26;Teigw./Spätzli/Gnoc.
397;2021-11;0;164379.732;Convenience
398;2021-11;0;9424.325;Federwild
399;2021-11;0;2337418.757;Fisch
400;2021-11;0;1483554.042;Fleisch
401;2021-11;0;10780.1;Früchte
402;2021-11;0;1186177.932;Geflügel
403;2021-11;0;17796.55;Gemüse
404;2021-11;0;283744.846;Haarwild
405;2021-11;0;4819.95;Kolonialwaren
406;2021-11;0;4645.849;Konserven divers
407;2021-11;0;1070385.7;Krusten/Sch-Weichtie
408;2021-11;0;45897.736;Milchprodukte
409;2021-11;0;346.3;Non Food
410;2021-11;0;6918.329;Nordsee
411;2021-11;0;7579.625;Oel/Essig/Senf
412;2021-11;0;11325.162;Pasteten/Terrinen
413;2021-11;0;106064.58;Pilze
414;2021-11;0;529.2;Post/cargo
415;2021-11;0;865.27;Rabatte
416;2021-11;0;0;Sponsoring
417;2021-11;0;43388.9;Teigw./Spätzli/Gnoc.
418;2021-11;1;163606.199;Bofrost
419;2021-11;1;333552.136;Convenience
420;2021-11;1;3196.025;Federwild
421;2021-11;1;2637687.636;Fisch
422;2021-11;1;1220563.079;Fleisch
423;2021-11;1;9454.1;Früchte
424;2021-11;1;1465930.226;Geflügel
425;2021-11;1;24484.55;Gemüse
426;2021-11;1;199804.412;Haarwild
427;2021-11;1;6045.25;Kolonialwaren
428;2021-11;1;7485.1;Konserven divers
429;2021-11;1;1065588.312;Krusten/Sch-Weichtie
430;2021-11;1;49300.798;Milchprodukte
431;2021-11;1;316.2;Non Food
432;2021-11;1;29262.743;Nordsee
433;2021-11;1;9158.22;Oel/Essig/Senf
434;2021-11;1;15650.948;Pasteten/Terrinen
435;2021-11;1;111141.28;Pilze
436;2021-11;1;5975.49;Rabatte
437;2021-11;1;66059.93;Teigw./Spätzli/Gnoc.
438;2021-12;0;172551.375;Convenience
439;2021-12;0;5796.776;Federwild
440;2021-12;0;2936228.278;Fisch
441;2021-12;0;1707987.416;Fleisch
442;2021-12;0;10148.5;Früchte
443;2021-12;0;1344325.107;Geflügel
444;2021-12;0;19438.5;Gemüse
445;2021-12;0;109555.072;Haarwild
446;2021-12;0;4814.8;Kolonialwaren
447;2021-12;0;5900.73;Konserven divers
448;2021-12;0;1494342.961;Krusten/Sch-Weichtie
449;2021-12;0;57612.559;Milchprodukte
450;2021-12;0;1311.1;Non Food
451;2021-12;0;6288.23;Nordsee
452;2021-12;0;8325.325;Oel/Essig/Senf
453;2021-12;0;24414.733;Pasteten/Terrinen
454;2021-12;0;154123.91;Pilze
455;2021-12;0;8014.4;Post/cargo
456;2021-12;0;58376.37;Teigw./Spätzli/Gnoc.
457;2021-12;1;110316.5;Bofrost
458;2021-12;1;297621.86;Convenience
459;2021-12;1;3059.257;Federwild
460;2021-12;1;3282171.162;Fisch
461;2021-12;1;1510909.397;Fleisch
462;2021-12;1;9041.65;Früchte
463;2021-12;1;1449991.783;Geflügel
464;2021-12;1;28802.85;Gemüse
465;2021-12;1;95522.312;Haarwild
466;2021-12;1;6677.05;Kolonialwaren
467;2021-12;1;7519.25;Konserven divers
468;2021-12;1;1433006.195;Krusten/Sch-Weichtie
469;2021-12;1;61326.078;Milchprodukte
470;2021-12;1;784.7;Non Food
471;2021-12;1;28008.724;Nordsee
472;2021-12;1;11045.45;Oel/Essig/Senf
473;2021-12;1;30017.946;Pasteten/Terrinen
474;2021-12;1;176990.53;Pilze
475;2021-12;1;114;Post/cargo
476;2021-12;1;0;Sponsoring
477;2021-12;1;58152.94;Teigw./Spätzli/Gnoc.
478;2022-01;0;193856.55;Convenience
479;2022-01;0;3124.255;Federwild
480;2022-01;0;2991823.739;Fisch
481;2022-01;0;1824212.002;Fleisch
482;2022-01;0;9830.85;Früchte
483;2022-01;0;1441280.47;Geflügel
484;2022-01;0;20982.75;Gemüse
485;2022-01;0;15715.958;Gesperrte Artikel
486;2022-01;0;171760.056;Haarwild
487;2022-01;0;4984.832;Kolonialwaren
488;2022-01;0;5065.4;Konserven divers
489;2022-01;0;1366752.714;Krusten/Sch-Weichtie
490;2022-01;0;76855.012;Milchprodukte
491;2022-01;0;365.2;Non Food
492;2022-01;0;4072.07;Nordsee
493;2022-01;0;7516.2;Oel/Essig/Senf
494;2022-01;0;10203.538;Pasteten/Terrinen
495;2022-01;0;104705.188;Pilze
496;2022-01;0;504.8;Post/cargo
497;2022-01;0;0;Sponsoring
498;2022-01;0;53149.84;Teigw./Spätzli/Gnoc.
499;2022-01;1;203303.2;Bofrost
500;2022-01;1;351599.202;Convenience
501;2022-01;1;3582.887;Federwild
502;2022-01;1;3155250.628;Fisch
503;2022-01;1;1550241.215;Fleisch
504;2022-01;1;12903.7;Früchte
505;2022-01;1;1596088.043;Geflügel
506;2022-01;1;32322.65;Gemüse
507;2022-01;1;26966.068;Gesperrte Artikel
508;2022-01;1;114972.696;Haarwild
509;2022-01;1;6060.6;Kolonialwaren
510;2022-01;1;6152.75;Konserven divers
511;2022-01;1;1267465.838;Krusten/Sch-Weichtie
512;2022-01;1;71404.255;Milchprodukte
513;2022-01;1;47;Non Food
514;2022-01;1;30362.769;Nordsee
515;2022-01;1;9045.6;Oel/Essig/Senf
516;2022-01;1;15735.092;Pasteten/Terrinen
517;2022-01;1;88281.91;Pilze
518;2022-01;1;104.8;Post/cargo
519;2022-01;1;222.3;Rabatte
520;2022-01;1;82282.895;Teigw./Spätzli/Gnoc.
521;2022-02;0;4453.982;Bofrost
522;2022-02;0;187101.231;Convenience
523;2022-02;0;6002.284;Federwild
524;2022-02;0;2931260.527;Fisch
525;2022-02;0;1759055.246;Fleisch
526;2022-02;0;10530.35;Früchte
527;2022-02;0;1372179.253;Geflügel
528;2022-02;0;24149.69;Gemüse
529;2022-02;0;12747.9;Gesperrte Artikel
530;2022-02;0;118426.558;Haarwild
531;2022-02;0;5703.42;Kolonialwaren
532;2022-02;0;6051.15;Konserven divers
533;2022-02;0;1306387.433;Krusten/Sch-Weichtie
534;2022-02;0;67921.402;Milchprodukte
535;2022-02;0;771.3;Non Food
536;2022-02;0;3907.912;Nordsee
537;2022-02;0;7429.25;Oel/Essig/Senf
538;2022-02;0;9437.965;Pasteten/Terrinen
539;2022-02;0;103185.72;Pilze
540;2022-02;0;241.6;Post/cargo
541;2022-02;0;44744.27;Teigw./Spätzli/Gnoc.
542;2022-02;1;27859.47;Bofrost
543;2022-02;1;370118.9;Convenience
544;2022-02;1;3498.904;Federwild
545;2022-02;1;3017497.12;Fisch
546;2022-02;1;1478045.862;Fleisch
547;2022-02;1;16492.95;Früchte
548;2022-02;1;1611255.451;Geflügel
549;2022-02;1;33796.9;Gemüse
550;2022-02;1;16589.278;Gesperrte Artikel
551;2022-02;1;78064.85;Haarwild
552;2022-02;1;6713.65;Kolonialwaren
553;2022-02;1;9219.171;Konserven divers
554;2022-02;1;1266937.094;Krusten/Sch-Weichtie
555;2022-02;1;76971.091;Milchprodukte
556;2022-02;1;132.1;Non Food
557;2022-02;1;19554.973;Nordsee
558;2022-02;1;10475.1;Oel/Essig/Senf
559;2022-02;1;17260.879;Pasteten/Terrinen
560;2022-02;1;78615.06;Pilze
561;2022-02;1;160;Post/cargo
562;2022-02;1;73106.515;Teigw./Spätzli/Gnoc.
563;2022-03;0;0;Bofrost
564;2022-03;0;214226.76;Convenience
565;2022-03;0;5695.31;Federwild
566;2022-03;0;3233412.569;Fisch
567;2022-03;0;1947604.45;Fleisch
568;2022-03;0;9244.7;Früchte
569;2022-03;0;1596117.812;Geflügel
570;2022-03;0;29531.95;Gemüse
571;2022-03;0;15077.672;Gesperrte Artikel
572;2022-03;0;128575.533;Haarwild
573;2022-03;0;5480.93;Kolonialwaren
574;2022-03;0;5826.027;Konserven divers
575;2022-03;0;1396446.883;Krusten/Sch-Weichtie
576;2022-03;0;76635.579;Milchprodukte
577;2022-03;0;1856.4;Non Food
578;2022-03;0;2835.41;Nordsee
579;2022-03;0;5575.4;Oel/Essig/Senf
580;2022-03;0;10054.76;Pasteten/Terrinen
581;2022-03;0;102309.306;Pilze
582;2022-03;0;364.8;Post/cargo
583;2022-03;0;55766.42;Teigw./Spätzli/Gnoc.
584;2022-03;1;0;Bofrost
585;2022-03;1;424862.736;Convenience
586;2022-03;1;2355.157;Federwild
587;2022-03;1;3568081.067;Fisch
588;2022-03;1;1623982.97;Fleisch
589;2022-03;1;13944.4;Früchte
590;2022-03;1;1894222.778;Geflügel
591;2022-03;1;38162.75;Gemüse
592;2022-03;1;9240.049;Gesperrte Artikel
593;2022-03;1;89683.384;Haarwild
594;2022-03;1;7952.5;Kolonialwaren
595;2022-03;1;8007.95;Konserven divers
596;2022-03;1;1388106.301;Krusten/Sch-Weichtie
597;2022-03;1;91679.467;Milchprodukte
598;2022-03;1;1010.1;Non Food
599;2022-03;1;25867.01;Nordsee
600;2022-03;1;10493.6;Oel/Essig/Senf
601;2022-03;1;14884.373;Pasteten/Terrinen
602;2022-03;1;81948.644;Pilze
603;2022-03;1;80;Post/cargo
604;2022-03;1;96519.16;Teigw./Spätzli/Gnoc.
605;2022-04;0;211027.934;Convenience
606;2022-04;0;7024.166;Federwild
607;2022-04;0;3243658.606;Fisch
608;2022-04;0;1794903.203;Fleisch
609;2022-04;0;10630.2;Früchte
610;2022-04;0;1411274.589;Geflügel
611;2022-04;0;30792.5;Gemüse
612;2022-04;0;6388.914;Gesperrte Artikel
613;2022-04;0;105997.082;Haarwild
614;2022-04;0;5043.2;Kolonialwaren
615;2022-04;0;5798.031;Konserven divers
616;2022-04;0;1335140.833;Krusten/Sch-Weichtie
617;2022-04;0;67634.965;Milchprodukte
618;2022-04;0;1128.6;Non Food
619;2022-04;0;4974.352;Nordsee
620;2022-04;0;5993.05;Oel/Essig/Senf
621;2022-04;0;12498.059;Pasteten/Terrinen
622;2022-04;0;80090.8;Pilze
623;2022-04;0;214.8;Post/cargo
624;2022-04;0;51319.45;Teigw./Spätzli/Gnoc.
625;2022-04;1;21989;Bofrost
626;2022-04;1;371552.371;Convenience
627;2022-04;1;1229.446;Federwild
628;2022-04;1;3398439.893;Fisch
629;2022-04;1;1535522.313;Fleisch
630;2022-04;1;15617.5;Früchte
631;2022-04;1;1738108.145;Geflügel
632;2022-04;1;43409.45;Gemüse
633;2022-04;1;11480.08;Gesperrte Artikel
634;2022-04;1;79832.277;Haarwild
635;2022-04;1;6129.98;Kolonialwaren
636;2022-04;1;8340.685;Konserven divers
637;2022-04;1;1277026.352;Krusten/Sch-Weichtie
638;2022-04;1;93502.756;Milchprodukte
639;2022-04;1;852;Non Food
640;2022-04;1;26371.254;Nordsee
641;2022-04;1;14367.2;Oel/Essig/Senf
642;2022-04;1;13015.956;Pasteten/Terrinen
643;2022-04;1;66361.674;Pilze
644;2022-04;1;193.8;Post/cargo
645;2022-04;1;73979.99;Teigw./Spätzli/Gnoc.
646;2022-05;0;248566.22;Convenience
647;2022-05;0;4037.144;Federwild
648;2022-05;0;3557392.8;Fisch
649;2022-05;0;2134953.927;Fleisch
650;2022-05;0;13597.4;Früchte
651;2022-05;0;1530538.34;Geflügel
652;2022-05;0;28531.65;Gemüse
653;2022-05;0;8649.42;Gesperrte Artikel
654;2022-05;0;115380.372;Haarwild
655;2022-05;0;4797.44;Kolonialwaren
656;2022-05;0;8766.421;Konserven divers
657;2022-05;0;1461816.882;Krusten/Sch-Weichtie
658;2022-05;0;94001.847;Milchprodukte
659;2022-05;0;2410.3;Non Food
660;2022-05;0;4143.088;Nordsee
661;2022-05;0;7361.45;Oel/Essig/Senf
662;2022-05;0;11879.097;Pasteten/Terrinen
663;2022-05;0;81612.79;Pilze
664;2022-05;0;415.8;Post/cargo
665;2022-05;0;48771.64;Teigw./Spätzli/Gnoc.
666;2022-05;1;37096.4;Bofrost
667;2022-05;1;437592.786;Convenience
668;2022-05;1;2933.316;Federwild
669;2022-05;1;3699008.316;Fisch
670;2022-05;1;1728771.804;Fleisch
671;2022-05;1;15006.3;Früchte
672;2022-05;1;1959198.964;Geflügel
673;2022-05;1;52491.45;Gemüse
674;2022-05;1;22956.832;Gesperrte Artikel
675;2022-05;1;73872.84;Haarwild
676;2022-05;1;7170.69;Kolonialwaren
677;2022-05;1;8991.399;Konserven divers
678;2022-05;1;1447883.647;Krusten/Sch-Weichtie
679;2022-05;1;110392.358;Milchprodukte
680;2022-05;1;59.8;Non Food
681;2022-05;1;29886.221;Nordsee
682;2022-05;1;17524.8;Oel/Essig/Senf
683;2022-05;1;14882.791;Pasteten/Terrinen
684;2022-05;1;75692.73;Pilze
685;2022-05;1;397.2;Post/cargo
686;2022-05;1;928.5;Sponsoring
687;2022-05;1;81641.48;Teigw./Spätzli/Gnoc.
688;2022-06;0;258360.69;Convenience
689;2022-06;0;5140.302;Federwild
690;2022-06;0;3870374.502;Fisch
691;2022-06;0;2014114.396;Fleisch
692;2022-06;0;14870.8;Früchte
693;2022-06;0;1541655.946;Geflügel
694;2022-06;0;27465.45;Gemüse
695;2022-06;0;9855.882;Gesperrte Artikel
696;2022-06;0;111250.884;Haarwild
697;2022-06;0;5841.37;Kolonialwaren
698;2022-06;0;6628.845;Konserven divers
699;2022-06;0;1524447.971;Krusten/Sch-Weichtie
700;2022-06;0;103922.276;Milchprodukte
701;2022-06;0;910.8;Non Food
702;2022-06;0;3062.658;Nordsee
703;2022-06;0;8816.9;Oel/Essig/Senf
704;2022-06;0;12319.113;Pasteten/Terrinen
705;2022-06;0;71138.85;Pilze
706;2022-06;0;529.6;Post/cargo
707;2022-06;0;0;Sponsoring
708;2022-06;0;56804.6;Teigw./Spätzli/Gnoc.
709;2022-06;1;2728.32;Bofrost
710;2022-06;1;479219.512;Convenience
711;2022-06;1;2533.216;Federwild
712;2022-06;1;3822784.487;Fisch
713;2022-06;1;1659617.872;Fleisch
714;2022-06;1;19986.55;Früchte
715;2022-06;1;1962410.49;Geflügel
716;2022-06;1;48398.1;Gemüse
717;2022-06;1;16932.185;Gesperrte Artikel
718;2022-06;1;54379.679;Haarwild
719;2022-06;1;7974.95;Kolonialwaren
720;2022-06;1;10150.6;Konserven divers
721;2022-06;1;1511184.21;Krusten/Sch-Weichtie
722;2022-06;1;136141.192;Milchprodukte
723;2022-06;1;897.1;Non Food
724;2022-06;1;35019.079;Nordsee
725;2022-06;1;13164.6;Oel/Essig/Senf
726;2022-06;1;15198.044;Pasteten/Terrinen
727;2022-06;1;57666.04;Pilze
728;2022-06;1;243;Post/cargo
729;2022-06;1;89227.315;Teigw./Spätzli/Gnoc.
730;2022-07;0;283539.031;Convenience
731;2022-07;0;2680.545;Federwild
732;2022-07;0;3933850.205;Fisch
733;2022-07;0;1963770.855;Fleisch
734;2022-07;0;13732.12;Früchte
735;2022-07;0;1584037.742;Geflügel
736;2022-07;0;25278.3;Gemüse
737;2022-07;0;22229.787;Gesperrte Artikel
738;2022-07;0;133620.595;Haarwild
739;2022-07;0;3839.87;Kolonialwaren
740;2022-07;0;8740.029;Konserven divers
741;2022-07;0;1576166.776;Krusten/Sch-Weichtie
742;2022-07;0;117722.512;Milchprodukte
743;2022-07;0;2258.8;Non Food
744;2022-07;0;4002.116;Nordsee
745;2022-07;0;8663.8;Oel/Essig/Senf
746;2022-07;0;14510.597;Pasteten/Terrinen
747;2022-07;0;89901.82;Pilze
748;2022-07;0;646.8;Post/cargo
749;2022-07;0;57873.02;Teigw./Spätzli/Gnoc.
750;2022-07;1;457854.74;Convenience
751;2022-07;1;4013.792;Federwild
752;2022-07;1;3715735.077;Fisch
753;2022-07;1;1673203.45;Fleisch
754;2022-07;1;20978.7;Früchte
755;2022-07;1;1879489.551;Geflügel
756;2022-07;1;42921.489;Gemüse
757;2022-07;1;54327.547;Gesperrte Artikel
758;2022-07;1;81685.685;Haarwild
759;2022-07;1;8216.45;Kolonialwaren
760;2022-07;1;10836.3;Konserven divers
761;2022-07;1;1538214.518;Krusten/Sch-Weichtie
762;2022-07;1;148602.747;Milchprodukte
763;2022-07;1;630;Non Food
764;2022-07;1;27143.455;Nordsee
765;2022-07;1;17304.9;Oel/Essig/Senf
766;2022-07;1;14770.535;Pasteten/Terrinen
767;2022-07;1;69177.08;Pilze
768;2022-07;1;329.2;Post/cargo
769;2022-07;1;0;Sponsoring
770;2022-07;1;70665.41;Teigw./Spätzli/Gnoc.
771;2022-08;0;291328.013;Convenience
772;2022-08;0;7964.568;Federwild
773;2022-08;0;3920175.982;Fisch
774;2022-08;0;2229763.308;Fleisch
775;2022-08;0;16996.25;Früchte
776;2022-08;0;1819959.171;Geflügel
777;2022-08;0;31993.217;Gemüse
778;2022-08;0;25545.38;Gesperrte Artikel
779;2022-08;0;262952.583;Haarwild
780;2022-08;0;7904.97;Kolonialwaren
781;2022-08;0;7494.627;Konserven divers
782;2022-08;0;1677593.961;Krusten/Sch-Weichtie
783;2022-08;0;114110.71;Milchprodukte
784;2022-08;0;1546.7;Non Food
785;2022-08;0;6905.696;Nordsee
786;2022-08;0;9942.8;Oel/Essig/Senf
787;2022-08;0;10569.289;Pasteten/Terrinen
788;2022-08;0;105444.11;Pilze
789;2022-08;0;573.2;Post/cargo
790;2022-08;0;64603.98;Teigw./Spätzli/Gnoc.
791;2022-08;1;8720;Bofrost
792;2022-08;1;479564.514;Convenience
793;2022-08;1;1809.157;Federwild
794;2022-08;1;3864702.205;Fisch
795;2022-08;1;1881614.127;Fleisch
796;2022-08;1;16620.95;Früchte
797;2022-08;1;2123607.439;Geflügel
798;2022-08;1;48956.15;Gemüse
799;2022-08;1;70923.819;Gesperrte Artikel
800;2022-08;1;111433.808;Haarwild
801;2022-08;1;9352.5;Kolonialwaren
802;2022-08;1;8094.7;Konserven divers
803;2022-08;1;1573112.59;Krusten/Sch-Weichtie
804;2022-08;1;148376.206;Milchprodukte
805;2022-08;1;1354;Non Food
806;2022-08;1;20864.553;Nordsee
807;2022-08;1;16245.7;Oel/Essig/Senf
808;2022-08;1;16534.348;Pasteten/Terrinen
809;2022-08;1;85076.39;Pilze
810;2022-08;1;766;Post/cargo
811;2022-08;1;78744.99;Teigw./Spätzli/Gnoc.
812;2022-09;0;250513.19;Convenience
813;2022-09;0;22558.003;Federwild
814;2022-09;0;3300183.823;Fisch
815;2022-09;0;1844584.071;Fleisch
816;2022-09;0;18029.4;Früchte
817;2022-09;0;1699364.02;Geflügel
818;2022-09;0;25250.925;Gemüse
819;2022-09;0;47050.501;Gesperrte Artikel
820;2022-09;0;728494.177;Haarwild
821;2022-09;0;5320.13;Kolonialwaren
822;2022-09;0;5913.542;Konserven divers
823;2022-09;0;1387830.465;Krusten/Sch-Weichtie
824;2022-09;0;90902.402;Milchprodukte
825;2022-09;0;2483.05;Non Food
826;2022-09;0;4774.28;Nordsee
827;2022-09;0;7608.1;Oel/Essig/Senf
828;2022-09;0;20847.62;Pasteten/Terrinen
829;2022-09;0;125592.703;Pilze
830;2022-09;0;242.4;Post/cargo
831;2022-09;0;69195.24;Teigw./Spätzli/Gnoc.
832;2022-09;1;2352;Bofrost
833;2022-09;1;500988.145;Convenience
834;2022-09;1;6595.855;Federwild
835;2022-09;1;3487058.633;Fisch
836;2022-09;1;1622146.376;Fleisch
837;2022-09;1;21479.73;Früchte
838;2022-09;1;2126620.263;Geflügel
839;2022-09;1;37935.756;Gemüse
840;2022-09;1;73341.107;Gesperrte Artikel
841;2022-09;1;419516.273;Haarwild
842;2022-09;1;9845.99;Kolonialwaren
843;2022-09;1;9825.336;Konserven divers
844;2022-09;1;1396725.202;Krusten/Sch-Weichtie
845;2022-09;1;110695.55;Milchprodukte
846;2022-09;1;2516.6;Non Food
847;2022-09;1;27790.933;Nordsee
848;2022-09;1;15546.3;Oel/Essig/Senf
849;2022-09;1;17602.735;Pasteten/Terrinen
850;2022-09;1;99333.2;Pilze
851;2022-09;1;769.6;Post/cargo
852;2022-09;1;112010.442;Teigw./Spätzli/Gnoc.
853;2022-10;0;226932.822;Convenience
854;2022-10;0;17221.998;Federwild
855;2022-10;0;2905441.2;Fisch
856;2022-10;0;1641859.474;Fleisch
857;2022-10;0;15650.9;Früchte
858;2022-10;0;1521718.834;Geflügel
859;2022-10;0;22734.55;Gemüse
860;2022-10;0;78360.314;Gesperrte Artikel
861;2022-10;0;723206.935;Haarwild
862;2022-10;0;5649.82;Kolonialwaren
863;2022-10;0;5207.61;Konserven divers
864;2022-10;0;1189682.25;Krusten/Sch-Weichtie
865;2022-10;0;72510.25;Milchprodukte
866;2022-10;0;424.5;Non Food
867;2022-10;0;1652.332;Nordsee
868;2022-10;0;7680.7;Oel/Essig/Senf
869;2022-10;0;14180.872;Pasteten/Terrinen
870;2022-10;0;136576.15;Pilze
871;2022-10;0;479.6;Post/cargo
872;2022-10;0;0;Sponsoring
873;2022-10;0;64843.16;Teigw./Spätzli/Gnoc.
874;2022-10;1;74523.8;Bofrost
875;2022-10;1;440072.002;Convenience
876;2022-10;1;6471.346;Federwild
877;2022-10;1;3081800.221;Fisch
878;2022-10;1;1476117.039;Fleisch
879;2022-10;1;17065.1;Früchte
880;2022-10;1;1898307.961;Geflügel
881;2022-10;1;34726.86;Gemüse
882;2022-10;1;86058.163;Gesperrte Artikel
883;2022-10;1;489852.543;Haarwild
884;2022-10;1;8739.5;Kolonialwaren
885;2022-10;1;7585.15;Konserven divers
886;2022-10;1;1266431.46;Krusten/Sch-Weichtie
887;2022-10;1;90712.24;Milchprodukte
888;2022-10;1;186.1;Non Food
889;2022-10;1;30184.825;Nordsee
890;2022-10;1;11762.5;Oel/Essig/Senf
891;2022-10;1;17073.134;Pasteten/Terrinen
892;2022-10;1;127152.89;Pilze
893;2022-10;1;52.4;Post/cargo
894;2022-10;1;105735.81;Teigw./Spätzli/Gnoc.
895;2022-11;0;231131.732;Convenience
896;2022-11;0;3689.059;Federwild
897;2022-11;0;2887402.514;Fisch
898;2022-11;0;1839626.256;Fleisch
899;2022-11;0;11022.2;Früchte
900;2022-11;0;1596190.917;Geflügel
901;2022-11;0;22042.65;Gemüse
902;2022-11;0;57871.037;Gesperrte Artikel
903;2022-11;0;331404.531;Haarwild
904;2022-11;0;6503.36;Kolonialwaren
905;2022-11;0;9679.424;Konserven divers
906;2022-11;0;1322558.486;Krusten/Sch-Weichtie
907;2022-11;0;72606.248;Milchprodukte
908;2022-11;0;850.2;Non Food
909;2022-11;0;7096.25;Nordsee
910;2022-11;0;10278.6;Oel/Essig/Senf
911;2022-11;0;9915.317;Pasteten/Terrinen
912;2022-11;0;141226.09;Pilze
913;2022-11;0;287.6;Post/cargo
914;2022-11;0;66408.06;Teigw./Spätzli/Gnoc.
915;2022-11;1;474283.817;Convenience
916;2022-11;1;3167.161;Federwild
917;2022-11;1;3288841.457;Fisch
918;2022-11;1;1682661.737;Fleisch
919;2022-11;1;19799.6;Früchte
920;2022-11;1;2135535.345;Geflügel
921;2022-11;1;36480.15;Gemüse
922;2022-11;1;74391.605;Gesperrte Artikel
923;2022-11;1;279815.155;Haarwild
924;2022-11;1;8388.32;Kolonialwaren
925;2022-11;1;9450.278;Konserven divers
926;2022-11;1;1355797.809;Krusten/Sch-Weichtie
927;2022-11;1;90956.741;Milchprodukte
928;2022-11;1;1428.1;Non Food
929;2022-11;1;37499.391;Nordsee
930;2022-11;1;11232.7;Oel/Essig/Senf
931;2022-11;1;17915.577;Pasteten/Terrinen
932;2022-11;1;122851.99;Pilze
933;2022-11;1;562.4;Post/cargo
934;2022-11;1;0;Sponsoring
935;2022-11;1;120036.08;Teigw./Spätzli/Gnoc.
936;2022-12;0;264499.898;Convenience
937;2022-12;0;1326.781;Federwild
938;2022-12;0;3857146.755;Fisch
939;2022-12;0;2377835.565;Fleisch
940;2022-12;0;14652.3;Früchte
941;2022-12;0;1828394.422;Geflügel
942;2022-12;0;30069.4;Gemüse
943;2022-12;0;62286.41;Gesperrte Artikel
944;2022-12;0;166408.799;Haarwild
945;2022-12;0;6644.76;Kolonialwaren
946;2022-12;0;9375.65;Konserven divers
947;2022-12;0;1953728.138;Krusten/Sch-Weichtie
948;2022-12;0;83999.061;Milchprodukte
949;2022-12;0;1072.45;Non Food
950;2022-12;0;6460.228;Nordsee
951;2022-12;0;12847;Oel/Essig/Senf
952;2022-12;0;38090.293;Pasteten/Terrinen
953;2022-12;0;220655.407;Pilze
954;2022-12;0;6474.4;Post/cargo
955;2022-12;0;82747.99;Teigw./Spätzli/Gnoc.
956;2022-12;1;423399.758;Convenience
957;2022-12;1;1863.091;Federwild
958;2022-12;1;3869694.822;Fisch
959;2022-12;1;2088399.672;Fleisch
960;2022-12;1;26028.7;Früchte
961;2022-12;1;2073764.562;Geflügel
962;2022-12;1;39406.8;Gemüse
963;2022-12;1;76311.141;Gesperrte Artikel
964;2022-12;1;139856.836;Haarwild
965;2022-12;1;9997.61;Kolonialwaren
966;2022-12;1;14878.66;Konserven divers
967;2022-12;1;1928534.2;Krusten/Sch-Weichtie
968;2022-12;1;91473.593;Milchprodukte
969;2022-12;1;1025;Non Food
970;2022-12;1;31738.137;Nordsee
971;2022-12;1;14963.6;Oel/Essig/Senf
972;2022-12;1;50067.25;Pasteten/Terrinen
973;2022-12;1;198435.37;Pilze
974;2022-12;1;104.8;Post/cargo
975;2022-12;1;88863.555;Teigw./Spätzli/Gnoc.
